destination,country,famous_for,suggested_duration_days,typical_daily_budget_inr
Hyderabad,India,"Historical places, Food, Pearls",4,6000
Jaipur,India,"Forts, Palaces, Culture",3,5500
Goa,India,"Beaches, Nightlife, Seafood",4,7000
Kerala (Munnar & Alleppey),India,"Nature, Backwaters, Tea gardens",5,6500
Varanasi,India,"Religious sites, Culture, Ghats",2,4000
Bali,Indonesia,"Beaches, Nature, Temples",5,9000
Paris,France,"Architecture, Museums, Food",4,15000
Bangkok,Thailand,"Food, Shopping, Nightlife",4,8000
Dubai,UAE,"Shopping, Architecture, Adventure",3,14000
Tokyo,Japan,"Culture, Food, Technology",5,16000
